{
  "1": {
    "issued": {
      "date-parts": [
        [
          2021
        ]
      ]
    },
    "edition": 2,
    "title": "Interactive data visualization: foundations, techniques, and applications",
    "publisher": "CRC PRESS",
    "author": [
      {
        "given": "Matthew O.",
        "family": "Ward"
      },
      {
        "given": "Georges",
        "family": "Grinstein"
      },
      {
        "given": "Daniel",
        "family": "Keim"
      }
    ],
    "ISBN": "9781482257373",
    "type": "book",
    "id": "1"
  },
  "2": {
    "issued": {
      "date-parts": [
        [
          2016
        ]
      ]
    },
    "title": "The truthful art: data, charts, and maps for communication",
    "publisher": "New Riders",
    "author": [
      {
        "given": "Alberto",
        "family": "Cairo"
      }
    ],
    "ISBN": "9780321934079",
    "type": "book",
    "id": "2"
  },
  "3": {
    "issued": {
      "date-parts": [
        [
          2002
        ]
      ]
    },
    "edition": 3,
    "title": "Geographic information systems: an introduction",
    "publisher": "Wiley",
    "author": [
      {
        "given": "Tor",
        "family": "Bernhardsen"
      }
    ],
    "ISBN": "9780471419686",
    "type": "book",
    "id": "3"
  },
  "4": {
    "issued": {
      "date-parts": [
        [
          2019
        ]
      ]
    },
    "edition": 2,
    "title": "Data visualisation: a handbook for data driven design",
    "publisher": "SAGE Publications Ltd",
    "author": [
      {
        "given": "Andy",
        "family": "Kirk"
      }
    ],
    "ISBN": "9781526468925",
    "type": "book",
    "id": "4"
  },
  "5": {
    "issued": {
      "date-parts": [
        [
          2006
        ]
      ]
    },
    "title": "Games-based learning; a serious business application",
    "author": [
      {
        "given": "Kevin",
        "family": "Corti"
      }
    ],
    "container-title": "Informe de PixelLearning",
    "volume": "34",
    "issue": "6",
    "page": "1-20",
    "type": "article-journal",
    "id": "5"
  },
  "6": {
    "issued": {
      "date-parts": [
        [
          2001
        ]
      ]
    },
    "title": "Digital natives, digital immigrants",
    "author": [
      {
        "given": "Marc",
        "family": "Prensky"
      }
    ],
    "container-title": "On the horizon",
    "volume": "9",
    "issue": "5",
    "page": "1-6",
    "type": "article-journal",
    "id": "6"
  },
  "7": {
    "issued": {
      "date-parts": [
        [
          2021,
          8
        ]
      ]
    },
    "author": [
      {
        "given": "Bruno",
        "family": "Cardoso"
      },
      {
        "given": "Neil",
        "family": "Cohn"
      },
      {
        "given": "Frederik",
        "family": "Truyen"
      },
      {
        "given": "Koenraad",
        "family": "Brosens"
      }
    ],
    "page": "43-64",
    "title": "Explore data, enjoy yourself - kubism, A playful approach to data exploration",
    "ISBN": "978-3-030-85612-0",
    "DOI": "10.1007/978-3-030-85613-7_4",
    "type": "chapter",
    "id": "7"
  },
  "8": {
    "issued": {
      "date-parts": [
        [
          2013
        ]
      ]
    },
    "author": [
      {
        "given": "Alessandro",
        "family": "Canossa"
      },
      {
        "given": "Josep B.",
        "family": "Martinez"
      },
      {
        "given": "Julian",
        "family": "Togelius"
      }
    ],
    "container-title": "2013 IEEE conference on computational inteligence in games (CIG)",
    "title": "Give me a reason to dig minecraft and psychology of motivation",
    "volume": "",
    "collection-number": "",
    "page": "1-8",
    "DOI": "10.1109/CIG.2013.6633612",
    "type": "paper-conference",
    "id": "8"
  },
  "9": {
    "issued": {
      "date-parts": [
        [
          2021
        ]
      ]
    },
    "title": "Verification of factorio belt balancers using petri nets",
    "author": [
      {
        "given": "Andre",
        "family": "Leue"
      }
    ],
    "type": "article",
    "id": "9"
  },
  "10": {
    "issued": {
      "date-parts": [
        [
          2011
        ]
      ]
    },
    "title": "Artificial intelligence for the OpenTTD game",
    "author": [
      {
        "given": "Maciej",
        "family": "Wisniewski"
      }
    ],
    "type": "thesis",
    "id": "10"
  },
  "11": {
    "issued": {
      "date-parts": [
        [
          2015
        ]
      ]
    },
    "author": [
      {
        "given": "Dmitri",
        "family": "Bagh"
      },
      {
        "given": "Brian",
        "family": "De Vogel"
      },
      {
        "given": "Dale",
        "family": "Lutz"
      }
    ],
    "note": "Esri User Conference",
    "title": "Esri CityEngine & minecraft: engaging citizens in 3D city planning",
    "URL": "https://proceedings.esri.com/library/userconf/proc15/papers/997_696.pdf",
    "type": "manuscript",
    "id": "11"
  },
  "12": {
    "issued": {
      "date-parts": [
        [
          2021,
          7
        ]
      ]
    },
    "author": [
      {
        "given": "Ítalo",
        "family": "Sena"
      },
      {
        "given": "Alenka",
        "family": "Poplin"
      },
      {
        "given": "Bruno",
        "family": "Andrade"
      }
    ],
    "page": "613-632",
    "title": "GeoMinasCraft: a serious geogame for geographical visualization and exploration",
    "ISBN": "9783030760588",
    "DOI": "10.1007/978-3-030-76059-5_30",
    "type": "chapter",
    "id": "12"
  },
  "13": {
    "issued": {
      "date-parts": [
        [
          2023
        ]
      ]
    },
    "author": [
      {
        "given": "Tereza",
        "family": "Šťastná"
      }
    ],
    "title": "Playful visualization: evaluating data visualization in video games",
    "publisher-place": "Brno",
    "URL": "https://is.muni.cz/th/td5tv/",
    "type": "thesis",
    "id": "13"
  },
  "14": {
    "issued": {
      "date-parts": [
        [
          2024
        ]
      ]
    },
    "title": "World geodetic system (WGS84)",
    "URL": "https://gisgeography.com/wgs84-world-geodetic-system/",
    "accessed": {
      "date-parts": [
        [
          2024,
          5,
          5
        ]
      ]
    },
    "language": "en-US",
    "type": "post-weblog",
    "id": "14"
  },
  "15": {
    "issued": {
      "date-parts": [
        [
          2023
        ]
      ]
    },
    "title": "\"Coordinate systems, map projections, and transformations\"",
    "URL": "https://pro.arcgis.com/en/pro-app/3.1/help/mapping/properties/coordinate-systems-and-projections.htm",
    "accessed": {
      "date-parts": [
        [
          2024,
          5,
          5
        ]
      ]
    },
    "language": "en-US",
    "type": "post-weblog",
    "id": "15"
  },
  "16": {
    "issued": {
      "date-parts": [
        [
          2024
        ]
      ]
    },
    "title": "Minecraft: java & bedrock edition deluxe collection | compare key features of minecraft java and bedrock editions",
    "URL": "https://www.minecraft.net/en-us/store/minecraft-deluxe-collection-pc#title-486066bf42",
    "accessed": {
      "date-parts": [
        [
          2024,
          5,
          5
        ]
      ]
    },
    "language": "en-US",
    "type": "post-weblog",
    "id": "16"
  },
  "17": {
    "issued": {
      "date-parts": [
        [
          2024
        ]
      ]
    },
    "title": "Differences between minecraft: bedrock edition and minecraft: java edition",
    "URL": "https://learn.microsoft.com/en-us/minecraft/creator/documents/differencesbetweenbedrockandjava",
    "accessed": {
      "date-parts": [
        [
          2024,
          5,
          5
        ]
      ]
    },
    "language": "en-US",
    "type": "post-weblog",
    "id": "17"
  },
  "18": {
    "issued": {
      "date-parts": [
        [
          2018
        ],
        [
          2023
        ]
      ]
    },
    "title": "Anvil file format",
    "URL": "https://minecraft.fandom.com/wiki/Anvil_file_format",
    "accessed": {
      "date-parts": [
        [
          2024,
          5,
          5
        ]
      ]
    },
    "language": "en-US",
    "type": "post-weblog",
    "id": "18"
  },
  "19": {
    "issued": {
      "date-parts": [
        [
          2009
        ],
        [
          2023
        ]
      ]
    },
    "title": "Overpass API",
    "URL": "https://wiki.openstreetmap.org/wiki/Overpass_API",
    "accessed": {
      "date-parts": [
        [
          2024,
          5,
          5
        ]
      ]
    },
    "language": "en-US",
    "type": "post-weblog",
    "id": "19"
  },
  "20": {
    "issued": {
      "date-parts": [
        [
          2012
        ],
        [
          2024
        ]
      ]
    },
    "title": "Tutorials/programs and editors/mapping | map editors",
    "URL": "https://minecraft.fandom.com/wiki/Tutorials/Programs_and_editors/Mapping#Map_editors",
    "accessed": {
      "date-parts": [
        [
          2024,
          5,
          5
        ]
      ]
    },
    "language": "en-US",
    "type": "post-weblog",
    "id": "20"
  },
  "21": {
    "issued": {
      "date-parts": [
        [
          1998
        ],
        [
          2024
        ]
      ]
    },
    "title": "GDAL: java bindings",
    "URL": "https://gdal.org/api/java/index.html",
    "accessed": {
      "date-parts": [
        [
          2024,
          5,
          5
        ]
      ]
    },
    "language": "en-US",
    "type": "post-weblog",
    "id": "21"
  },
  "22": {
    "issued": {
      "date-parts": [
        [
          1998
        ],
        [
          2024
        ]
      ]
    },
    "title": "GDAL: GDAL/OGR in other languages",
    "URL": "https://gdal.org/api/index.html#gdal-ogr-in-other-languages",
    "accessed": {
      "date-parts": [
        [
          2024,
          5,
          5
        ]
      ]
    },
    "language": "en-US",
    "type": "post-weblog",
    "id": "22"
  },
  "23": {
    "issued": {
      "date-parts": [
        [
          2023
        ]
      ]
    },
    "title": "Minecraft end-user license agreement",
    "URL": "https://www.minecraft.net/en-us/eula",
    "accessed": {
      "date-parts": [
        [
          2024,
          5,
          5
        ]
      ]
    },
    "language": "en-US",
    "type": "post-weblog",
    "id": "23"
  },
  "24": {
    "issued": {
      "date-parts": [
        [
          2024
        ]
      ]
    },
    "title": "Paper",
    "URL": "https://bstats.org/plugin/server-implementation/Paper/580",
    "accessed": {
      "date-parts": [
        [
          2024,
          5,
          5
        ]
      ]
    },
    "language": "en-US",
    "type": "post-weblog",
    "id": "24"
  },
  "25": {
    "issued": {
      "date-parts": [
        [
          2024,
          2,
          6
        ]
      ]
    },
    "title": "Number of people living at the adresses",
    "URL": "https://data.brno.cz/datasets/923cbe09f11c4999bedeb0bc20905964_0/explore",
    "accessed": {
      "date-parts": [
        [
          2024,
          5,
          5
        ]
      ]
    },
    "language": "en-US",
    "type": "post-weblog",
    "id": "25"
  },
  "26": {
    "issued": {
      "date-parts": [
        [
          2024,
          5,
          8
        ]
      ]
    },
    "title": "Noise level 2022",
    "URL": "https://data.brno.cz/datasets/a5ad8e597ff64bfb8a0d794e78c10512_0/explore",
    "accessed": {
      "date-parts": [
        [
          2024,
          5,
          5
        ]
      ]
    },
    "language": "en-US",
    "type": "post-weblog",
    "id": "26"
  },
  "27": {
    "issued": {
      "date-parts": [
        [
          2017
        ]
      ]
    },
    "author": [
      {
        "given": "Dai",
        "family": "Yamazaki"
      },
      {
        "given": "Daiki",
        "family": "Ikeshima"
      },
      {
        "given": "Ryunosuke",
        "family": "Tawatari"
      },
      {
        "given": "Tomohiro",
        "family": "Yamaguchi"
      },
      {
        "given": "Fiachra",
        "family": "O'Loughlin"
      },
      {
        "given": "Jeffery C.",
        "family": "Neal"
      },
      {
        "given": "Christopher C.",
        "family": "Sampson"
      },
      {
        "given": "Shinjiro",
        "family": "Kanae"
      },
      {
        "given": "Paul D.",
        "family": "Bates"
      }
    ],
    "title": "A high-accuracy map of global terrain elevations",
    "container-title": "Geophysical research letters",
    "volume": "44",
    "issue": "11",
    "page": "5844-5853",
    "DOI": "https://doi.org/10.1002/2017GL072874",
    "URL": "https://agupubs.onlinelibrary.wiley.com/doi/abs/10.1002/2017GL072874",
    "type": "article-journal",
    "id": "27"
  },
  "28": {
    "issued": {
      "date-parts": [
        [
          2024
        ]
      ]
    },
    "title": "Craft my street",
    "URL": "https://www.craftmystreet.com/",
    "accessed": {
      "date-parts": [
        [
          2024,
          5,
          5
        ]
      ]
    },
    "language": "en-US",
    "type": "post-weblog",
    "id": "28"
  },
  "29": {
    "issued": {
      "date-parts": [
        [
          2024
        ]
      ]
    },
    "title": "GOG:townscaper",
    "URL": "https://www.gog.com/en/game/townscaper",
    "accessed": {
      "date-parts": [
        [
          2024,
          5,
          5
        ]
      ]
    },
    "language": "en-US",
    "type": "post-weblog",
    "id": "29"
  },
  "30": {
    "issued": {
      "date-parts": [
        [
          2024
        ]
      ]
    },
    "title": "ArcGIS",
    "URL": "https://www.arcgis.com/",
    "accessed": {
      "date-parts": [
        [
          2024,
          5,
          5
        ]
      ]
    },
    "language": "en-US",
    "type": "post-weblog",
    "id": "30"
  },
  "31": {
    "issued": {
      "date-parts": [
        [
          2024
        ]
      ]
    },
    "title": "QGIS",
    "URL": "https://www.qgis.org/en/site/",
    "accessed": {
      "date-parts": [
        [
          2024,
          5,
          5
        ]
      ]
    },
    "language": "en-US",
    "type": "post-weblog",
    "id": "31"
  },
  "32": {
    "issued": {
      "date-parts": [
        [
          2024
        ]
      ]
    },
    "title": "Carto",
    "URL": "https://carto.com/",
    "accessed": {
      "date-parts": [
        [
          2024,
          5,
          5
        ]
      ]
    },
    "language": "en-US",
    "type": "post-weblog",
    "id": "32"
  },
  "33": {
    "issued": {
      "date-parts": [
        [
          2024
        ]
      ]
    },
    "title": "FME by SafeSoftware",
    "URL": "https://fme.safe.com/",
    "accessed": {
      "date-parts": [
        [
          2024,
          5,
          5
        ]
      ]
    },
    "language": "en-US",
    "type": "post-weblog",
    "id": "33"
  },
  "34": {
    "issued": {
      "date-parts": [
        [
          2024
        ]
      ]
    },
    "title": "Tableau",
    "URL": "https://www.tableau.com/",
    "accessed": {
      "date-parts": [
        [
          2024,
          5,
          5
        ]
      ]
    },
    "language": "en-US",
    "type": "post-weblog",
    "id": "34"
  },
  "35": {
    "issued": {
      "date-parts": [
        [
          2024
        ]
      ]
    },
    "title": "Power BI",
    "URL": "https://www.microsoft.com/en-us/power-platform/products/power-bi",
    "accessed": {
      "date-parts": [
        [
          2024,
          5,
          5
        ]
      ]
    },
    "language": "en-US",
    "type": "post-weblog",
    "id": "35"
  },
  "36": {
    "issued": {
      "date-parts": [
        [
          2024
        ]
      ]
    },
    "title": "Minecraft",
    "URL": "https://www.minecraft.net/en-us",
    "accessed": {
      "date-parts": [
        [
          2024,
          5,
          5
        ]
      ]
    },
    "language": "en-US",
    "type": "post-weblog",
    "id": "36"
  },
  "37": {
    "issued": {
      "date-parts": [
        [
          2015
        ],
        [
          2024
        ]
      ]
    },
    "title": "Factorio",
    "URL": "https://factorio.com/",
    "accessed": {
      "date-parts": [
        [
          2024,
          5,
          5
        ]
      ]
    },
    "language": "en-US",
    "type": "post-weblog",
    "id": "37"
  },
  "38": {
    "issued": {
      "date-parts": [
        [
          2005
        ],
        [
          2024
        ]
      ]
    },
    "title": "OpenTTD",
    "URL": "https://www.openttd.org/",
    "accessed": {
      "date-parts": [
        [
          2024,
          5,
          5
        ]
      ]
    },
    "language": "en-US",
    "type": "post-weblog",
    "id": "38"
  },
  "39": {
    "issued": {
      "date-parts": [
        [
          2024
        ]
      ]
    },
    "title": "OpenStreetMap",
    "URL": "https://www.openstreetmap.org/",
    "accessed": {
      "date-parts": [
        [
          2024,
          5,
          5
        ]
      ]
    },
    "language": "en-US",
    "type": "post-weblog",
    "id": "39"
  },
  "40": {
    "issued": {
      "date-parts": [
        [
          2024
        ]
      ]
    },
    "title": "GOG: heroes of might and magic® 3: complete",
    "URL": "https://www.gog.com/game/heroes_of_might_and_magic_3_complete_edition",
    "accessed": {
      "date-parts": [
        [
          2024,
          5,
          5
        ]
      ]
    },
    "language": "en-US",
    "type": "post-weblog",
    "id": "40"
  },
  "41": {
    "issued": {
      "date-parts": [
        [
          2024
        ]
      ]
    },
    "title": "Warcraft III: reforged",
    "URL": "https://warcraft3.blizzard.com/en-us/",
    "accessed": {
      "date-parts": [
        [
          2024,
          5,
          5
        ]
      ]
    },
    "language": "en-US",
    "type": "post-weblog",
    "id": "41"
  },
  "42": {
    "issued": {
      "date-parts": [
        [
          2024
        ]
      ]
    },
    "title": "GOG: dorfromantik",
    "URL": "https://www.gog.com/en/game/dorfromantik",
    "accessed": {
      "date-parts": [
        [
          2024,
          5,
          5
        ]
      ]
    },
    "language": "en-US",
    "type": "post-weblog",
    "id": "42"
  },
  "43": {
    "issued": {
      "date-parts": [
        [
          2024
        ]
      ]
    },
    "title": "Minecraft education",
    "URL": "https://education.minecraft.net/en-us",
    "accessed": {
      "date-parts": [
        [
          2024,
          5,
          5
        ]
      ]
    },
    "language": "en-US",
    "type": "post-weblog",
    "id": "43"
  },
  "44": {
    "issued": {
      "date-parts": [
        [
          2018
        ],
        [
          2024
        ]
      ]
    },
    "title": "Downloads for minecraft forge",
    "URL": "https://files.minecraftforge.net/net/minecraftforge/forge/",
    "accessed": {
      "date-parts": [
        [
          2024,
          5,
          5
        ]
      ]
    },
    "language": "en-US",
    "type": "post-weblog",
    "id": "44"
  },
  "45": {
    "issued": {
      "date-parts": [
        [
          2024
        ]
      ]
    },
    "title": "Fabric loader",
    "URL": "https://fabricmc.net/",
    "accessed": {
      "date-parts": [
        [
          2024,
          5,
          5
        ]
      ]
    },
    "language": "en-US",
    "type": "post-weblog",
    "id": "45"
  },
  "46": {
    "issued": {
      "date-parts": [
        [
          2024
        ]
      ]
    },
    "title": "The quilt project",
    "URL": "https://quiltmc.org/en/",
    "accessed": {
      "date-parts": [
        [
          2024,
          5,
          5
        ]
      ]
    },
    "language": "en-US",
    "type": "post-weblog",
    "id": "46"
  },
  "47": {
    "issued": {
      "date-parts": [
        [
          2021
        ]
      ]
    },
    "title": "Bukkit",
    "URL": "https://dev.bukkit.org/",
    "accessed": {
      "date-parts": [
        [
          2024,
          5,
          5
        ]
      ]
    },
    "language": "en-US",
    "type": "post-weblog",
    "id": "47"
  },
  "48": {
    "issued": {
      "date-parts": [
        [
          2024
        ]
      ]
    },
    "title": "PaperMC",
    "URL": "https://papermc.io/",
    "accessed": {
      "date-parts": [
        [
          2024,
          5,
          5
        ]
      ]
    },
    "language": "en-US",
    "type": "post-weblog",
    "id": "48"
  },
  "49": {
    "issued": {
      "date-parts": [
        [
          2019
        ],
        [
          2024
        ]
      ]
    },
    "title": "Purpur",
    "URL": "https://purpurmc.org/",
    "accessed": {
      "date-parts": [
        [
          2024,
          5,
          5
        ]
      ]
    },
    "language": "en-US",
    "type": "post-weblog",
    "id": "49"
  },
  "50": {
    "issued": {
      "date-parts": [
        [
          2018
        ]
      ]
    },
    "title": "WorldBoxer",
    "URL": "https://geoboxers.com/worldbloxer/",
    "accessed": {
      "date-parts": [
        [
          2024,
          5,
          5
        ]
      ]
    },
    "language": "en-US",
    "type": "post-weblog",
    "id": "50"
  },
  "51": {
    "issued": {
      "date-parts": [
        [
          2020
        ],
        [
          2024
        ]
      ]
    },
    "title": "ArcGIS CityEngine",
    "URL": "https://www.esri.com/en-us/arcgis/products/arcgis-cityengine/overview",
    "accessed": {
      "date-parts": [
        [
          2024,
          5,
          5
        ]
      ]
    },
    "language": "en-US",
    "type": "post-weblog",
    "id": "51"
  },
  "52": {
    "issued": {
      "date-parts": [
        [
          2024
        ]
      ]
    },
    "title": "ObjToSchematic",
    "URL": "https://objtoschematic.com/",
    "accessed": {
      "date-parts": [
        [
          2024,
          5,
          5
        ]
      ]
    },
    "language": "en-US",
    "type": "post-weblog",
    "id": "52"
  },
  "53": {
    "issued": {
      "date-parts": [
        [
          2023
        ]
      ]
    },
    "title": "Online voxelizer",
    "URL": "https://drububu.com/miscellaneous/voxelizer/?out=min",
    "accessed": {
      "date-parts": [
        [
          2024,
          5,
          5
        ]
      ]
    },
    "language": "en-US",
    "type": "post-weblog",
    "id": "53"
  },
  "54": {
    "issued": {
      "date-parts": [
        [
          2012
        ],
        [
          2024
        ]
      ]
    },
    "title": "TypeScript",
    "URL": "https://www.typescriptlang.org/",
    "accessed": {
      "date-parts": [
        [
          2024,
          5,
          5
        ]
      ]
    },
    "language": "en-US",
    "type": "post-weblog",
    "id": "54"
  },
  "55": {
    "issued": {
      "date-parts": [
        [
          2024
        ]
      ]
    },
    "title": "React",
    "URL": "https://react.dev/",
    "accessed": {
      "date-parts": [
        [
          2024,
          5,
          5
        ]
      ]
    },
    "language": "en-US",
    "type": "post-weblog",
    "id": "55"
  },
  "56": {
    "issued": {
      "date-parts": [
        [
          2024
        ]
      ]
    },
    "title": "chakra",
    "URL": "https://v2.chakra-ui.com/",
    "accessed": {
      "date-parts": [
        [
          2024,
          5,
          5
        ]
      ]
    },
    "language": "en-US",
    "type": "post-weblog",
    "id": "56"
  },
  "57": {
    "issued": {
      "date-parts": [
        [
          2010
        ],
        [
          2024
        ]
      ]
    },
    "title": "Leaflet",
    "URL": "https://leafletjs.com/",
    "accessed": {
      "date-parts": [
        [
          2024,
          5,
          5
        ]
      ]
    },
    "language": "en-US",
    "type": "post-weblog",
    "id": "57"
  },
  "58": {
    "issued": {
      "date-parts": [
        [
          2024
        ]
      ]
    },
    "title": "React flow",
    "URL": "https://reactflow.dev/",
    "accessed": {
      "date-parts": [
        [
          2024,
          5,
          5
        ]
      ]
    },
    "language": "en-US",
    "type": "post-weblog",
    "id": "58"
  },
  "59": {
    "issued": {
      "date-parts": [
        [
          2024
        ]
      ]
    },
    "title": "react-minecraft-viewer",
    "URL": "https://www.npmjs.com/package/react-minecraft-viewer",
    "accessed": {
      "date-parts": [
        [
          2024,
          5,
          5
        ]
      ]
    },
    "language": "en-US",
    "type": "post-weblog",
    "id": "59"
  },
  "60": {
    "issued": {
      "date-parts": [
        [
          2024
        ]
      ]
    },
    "title": "Gradle shadow plugin",
    "URL": "https://imperceptiblethoughts.com/shadow/",
    "accessed": {
      "date-parts": [
        [
          2024,
          5,
          5
        ]
      ]
    },
    "language": "en-US",
    "type": "post-weblog",
    "id": "60"
  },
  "61": {
    "issued": {
      "date-parts": [
        [
          2024
        ]
      ]
    },
    "title": "javalin",
    "URL": "https://javalin.io/",
    "accessed": {
      "date-parts": [
        [
          2024,
          5,
          5
        ]
      ]
    },
    "language": "en-US",
    "type": "post-weblog",
    "id": "61"
  },
  "62": {
    "issued": {
      "date-parts": [
        [
          1998
        ],
        [
          2024
        ]
      ]
    },
    "title": "GDAL",
    "URL": "https://gdal.org/index.html",
    "accessed": {
      "date-parts": [
        [
          2024,
          5,
          5
        ]
      ]
    },
    "language": "en-US",
    "type": "post-weblog",
    "id": "62"
  },
  "63": {
    "issued": {
      "date-parts": [
        [
          1983
        ],
        [
          2024
        ]
      ]
    },
    "title": "PROJ",
    "URL": "https://proj.org/en/9.4/",
    "accessed": {
      "date-parts": [
        [
          2024,
          5,
          5
        ]
      ]
    },
    "language": "en-US",
    "type": "post-weblog",
    "id": "63"
  },
  "64": {
    "issued": {
      "date-parts": [
        [
          2024
        ]
      ]
    },
    "title": "docker",
    "URL": "https://www.docker.com/",
    "accessed": {
      "date-parts": [
        [
          2024,
          5,
          5
        ]
      ]
    },
    "language": "en-US",
    "type": "post-weblog",
    "id": "64"
  },
  "65": {
    "issued": {
      "date-parts": [
        [
          2024
        ]
      ]
    },
    "title": "deepslate",
    "URL": "https://github.com/misode/deepslate",
    "accessed": {
      "date-parts": [
        [
          2024,
          5,
          5
        ]
      ]
    },
    "language": "en-US",
    "type": "post-weblog",
    "id": "65"
  },
  "66": {
    "issued": {
      "date-parts": [
        [
          2024
        ]
      ]
    },
    "title": "vscode-nbt",
    "URL": "https://github.com/misode/vscode-nbt/tree/master",
    "accessed": {
      "date-parts": [
        [
          2024,
          5,
          5
        ]
      ]
    },
    "language": "en-US",
    "type": "post-weblog",
    "id": "66"
  },
  "67": {
    "issued": {
      "date-parts": [
        [
          2024
        ]
      ]
    },
    "title": "npm",
    "URL": "https://www.npmjs.com/",
    "accessed": {
      "date-parts": [
        [
          2024,
          5,
          5
        ]
      ]
    },
    "language": "en-US",
    "type": "post-weblog",
    "id": "67"
  },
  "68": {
    "issued": {
      "date-parts": [
        [
          2016
        ],
        [
          2024
        ]
      ]
    },
    "title": "Stardew valley",
    "URL": "https://www.stardewvalley.net/",
    "accessed": {
      "date-parts": [
        [
          2024,
          5,
          5
        ]
      ]
    },
    "language": "en-US",
    "type": "post-weblog",
    "id": "68"
  },
  "69": {
    "issued": {
      "date-parts": [
        [
          2024,
          3,
          14
        ]
      ]
    },
    "title": "Street lights",
    "URL": "https://data.brno.cz/datasets/462d3e4e68984538a29e715a885d770e_0/explore",
    "accessed": {
      "date-parts": [
        [
          2024,
          5,
          5
        ]
      ]
    },
    "language": "en-US",
    "type": "post-weblog",
    "id": "69"
  },
  "70": {
    "issued": {
      "date-parts": [
        [
          2020,
          9,
          1
        ]
      ]
    },
    "title": "Public transport stops",
    "URL": "https://data.brno.cz/maps/747a824783044377b6d07a8060e7769d",
    "accessed": {
      "date-parts": [
        [
          2024,
          5,
          5
        ]
      ]
    },
    "language": "en-US",
    "type": "post-weblog",
    "id": "70"
  },
  "71": {
    "issued": {
      "date-parts": [
        [
          2024
        ]
      ]
    },
    "title": "Astroneer",
    "URL": "https://astroneer.space/",
    "accessed": {
      "date-parts": [
        [
          2024,
          5,
          5
        ]
      ]
    },
    "language": "en-US",
    "type": "post-weblog",
    "id": "71"
  },
  "72": {
    "issued": {
      "date-parts": [
        [
          2024
        ]
      ]
    },
    "title": "Roblox",
    "URL": "https://www.roblox.com/",
    "accessed": {
      "date-parts": [
        [
          2024,
          5,
          5
        ]
      ]
    },
    "language": "en-US",
    "type": "post-weblog",
    "id": "72"
  }
}